{
    "balance": 430.46721,
    "btc": 0.008200600393112474,
    "last_buy_price": 69614.2
}