{
    "balance": 478.29690000000005,
    "btc": 0.007513532381126413,
    "last_buy_price": 69469.7
}