{
    "balance": 387.42048900000003,
    "btc": 0.00881632320376865,
    "last_buy_price": 69912.5
}