{
    "balance": 348.67844010000005,
    "btc": 0.00937122855544316,
    "last_buy_price": 69817.4
}